Test Number,Color,Average 1,Average 2,Average 3,Total Average,Interpolated pH
1,GREEN,0.5691369,0.6616549,0.4823282,0.57104,7.931762548743344
2,GREEN,0.5379689,0.6094409,0.5245303,0.5573134,8.03178192845452
3,GREEN,0.656876,0.5960631,0.4876101,0.5801831,7.865141011681198
