Test Number,Color,Average 1,Average 2,Average 3,Total Average,Interpolated pH
1,GREEN,0.5447581,0.6645582,0.683293,0.6308698,7.495810493300351
2,GREEN,0.5360085,0.6419987,0.6781144,0.6187072,7.58443372903791
3,GREEN,0.5130823,0.6081309,0.6493423,0.5901852,7.792260339278042
