Test Number,Color,Average 1,Average 2,Average 3,Total Average,Interpolated pH
1,GREEN,0.534128,0.4545158,0.4787016,0.4891151,8.52871136934715
2,GREEN,0.5817582,0.5694441,0.5426456,0.564616,7.978571262865167
3,GREEN,0.5838058,0.5817298,0.5321727,0.5659028,7.969194946966667
